{
  "fp16": {
    "engine_path": "/kaggle/input/cv-advanced-assessment-models/models/last_fp16.engine",
    "precision": "fp16",
    "input_shape": [
      1,
      3,
      640,
      640
    ],
    "batch_size": 1,
    "num_iterations": 100,
    "warmup_iterations": 10,
    "latency_ms": {
      "gpu": {
        "avg_ms": 8.545171737670898,
        "p50_ms": 8.539581775665283,
        "p95_ms": 8.632809972763061
      },
      "cpu_pre": {
        "avg_ms": 10.363502502441406,
        "p50_ms": 10.268690586090088,
        "p95_ms": 11.073481607437133
      },
      "cpu_post": {
        "avg_ms": 0.15285415947437286,
        "p50_ms": 0.1400260031223297,
        "p95_ms": 0.16290885284543036
      }
    },
    "throughput_fps": 117.0251449365665,
    "gpu_utilization": {
      "avg_percent": 36.24
    }
  },
  "int8": {
    "engine_path": "/kaggle/input/cv-advanced-assessment-models/models/last_int8.engine",
    "precision": "int8",
    "input_shape": [
      1,
      3,
      640,
      640
    ],
    "batch_size": 1,
    "num_iterations": 100,
    "warmup_iterations": 10,
    "latency_ms": {
      "gpu": {
        "avg_ms": 6.2549028396606445,
        "p50_ms": 6.238772869110107,
        "p95_ms": 6.395259928703308
      },
      "cpu_pre": {
        "avg_ms": 10.708069801330566,
        "p50_ms": 10.397056579589844,
        "p95_ms": 12.100448036193848
      },
      "cpu_post": {
        "avg_ms": 0.13328193128108978,
        "p50_ms": 0.13569800555706024,
        "p95_ms": 0.15884959697723386
      }
    },
    "throughput_fps": 159.87458874495013,
    "gpu_utilization": {
      "avg_percent": 28.82
    }
  }
}